Job Title,Job Info,Job Type,Job Link,employees
Deep Learning Engineer - Focus on LLM,"Zaheen Systems · Islamabad, Islāmābād, Pakistan Reposted  
2 days ago

 · 130 applicants","Hybrid

 
Full-time",https://www.linkedin.com/jobs/view/3737300134,11-50 employees
Web Developer,"Sleek Algo · Karāchi, Sindh, Pakistan  
2 days ago","On-site

 
Full-time",https://www.linkedin.com/jobs/view/3743338078,1-10 employees
Senior Database Administrator,"ACE Money Transfer · Lahore, Punjab, Pakistan  
1 day ago

 · 34 applicants","On-site

 
Full-time",https://www.linkedin.com/jobs/view/3743990966,201-500 employees
Lead Generation Specialist,"Propstar Technologies · Karāchi, Sindh, Pakistan  
1 day ago

 · 26 applicants","On-site

 
Full-time",https://www.linkedin.com/jobs/view/3705619717,11-50 employees
Data Engineer,"OIRRC · Pakistan  
1 day ago

 · 36 applicants","Remote

 
Full-time",https://www.linkedin.com/jobs/view/3737411088,11-50 employees
Flutter App Developer,"HakeemX Technologies · Islamabad, Islāmābād, Pakistan  
2 days ago","Hybrid

 
Full-time",https://www.linkedin.com/jobs/view/3742512783,11-50 employees
Senior DevOps Engineer,"EventMobi · Pakistan  
1 day ago

 · 98 applicants","Remote

 
Full-time",https://www.linkedin.com/jobs/view/3739921199,51-200 employees
Telesales Specialist,"Standard Telemarketing · Islamabad, Islāmābād, Pakistan  
2 days ago","On-site

 
Full-time",https://www.linkedin.com/jobs/view/3738167519,11-50 employees
Workshop Manager,"ProConsult International Private Limited · Islamabad, Islāmābād, Pakistan  
2 days ago

 · 109 applicants","On-site

 
Full-time",https://www.linkedin.com/jobs/view/3741887694,51-200 employees
PHP Laravel Developer,"MWAN Mobile · Islāmābād, Pakistan  
1 day ago

 · 63 applicants","On-site

 
Full-time",https://www.linkedin.com/jobs/view/3742579380,11-50 employees
Big Data Engineer,"Daraz · Karachi Division, Sindh, Pakistan  
2 days ago

 · 66 applicants","On-site

 
Full-time

 
Mid-Senior level",https://www.linkedin.com/jobs/view/3742523016,"1,001-5,000 employees · Software Development"
DevOps Engineer,"Emblem Technologies · Lahore, Punjab, Pakistan  
2 days ago

 · 81 applicants","On-site

 
Full-time",https://www.linkedin.com/jobs/view/3742538079,51-200 employees
Android Developer,"NineSol Technologies · Islamabad, Islāmābād, Pakistan  
1 day ago

 · 103 applicants","On-site

 
Full-time",https://www.linkedin.com/jobs/view/3742541953,201-500 employees
Vue Js Developer,"DeepChain AI&IT Technologies · Islāmābād, Pakistan Reposted  
2 days ago

 · 41 applicants","On-site

 
Full-time",https://www.linkedin.com/jobs/view/3726606495,11-50 employees
Web Support Specialist,"Navicosoft · Lahore, Punjab, Pakistan  
1 day ago

 · 40 applicants","On-site

 
Full-time",https://www.linkedin.com/jobs/view/3734531481,51-200 employees
Account Technician,"HALO INFORMATICS PVT LTD · Lahore District, Punjab, Pakistan  
2 days ago","On-site

 
Full-time",https://www.linkedin.com/jobs/view/3742531107,51-200 employees
Junior Computer Vision Engineer,"Motive · Pakistan Reposted  
1 day ago

 · 945 applicants","Remote

 
Full-time

 
Associate",https://www.linkedin.com/jobs/view/3729410205,"1,001-5,000 employees · Software Development"
Marketing Specialist,"Nishat Chunian Group · Lahore, Punjab, Pakistan  
2 days ago

 · 287 applicants","On-site

 
Full-time",https://www.linkedin.com/jobs/view/3743620273,"5,001-10,000 employees"
Amazon PPC Expert,"Strategzilla · Pakistan  
1 day ago","Remote

 
Full-time",https://www.linkedin.com/jobs/view/3429060747,11-50 employees
JAVASCRIPT / REACTJS / NODEJS  - FULL STACK DEVELOPER,"Next Generation Technology Solutions · Lahore, Punjab, Pakistan  
1 day ago

 · 75 applicants","On-site

 
Full-time",https://www.linkedin.com/jobs/view/3744447570,51-200 employees
Logistics Specialist,"MOON RAGS PVT LTD · Karāchi, Sindh, Pakistan  
2 days ago

 · 314 applicants","On-site

 
Full-time",https://www.linkedin.com/jobs/view/3742482831,"501-1,000 employees"
Sr. Full Stack Laravel Developer,"Cartlow · Lahore, Punjab, Pakistan  
2 days ago

 · 72 applicants","On-site

 
Full-time",https://www.linkedin.com/jobs/view/3742515728,51-200 employees
Digital Marketing Strategist,"Xumerz Inc. · Pakistan  
2 days ago","Remote

 
Part-time",https://www.linkedin.com/jobs/view/3742399453,11-50 employees
DevOps Engineer - AWS/Docker (3+ years experience),"Moonlabor · Rawalpindi, Punjab, Pakistan  
1 day ago

 · 43 applicants","Hybrid

 
Full-time",https://www.linkedin.com/jobs/view/3743960195,11-50 employees
Specialist for lead generation - Real estate,"Jome Journey pte ltd · Lahore, Punjab, Pakistan  
1 day ago

 · 84 applicants","Remote

 
Full-time",https://www.linkedin.com/jobs/view/3739435687,See how you compare to 84 applicants. Reactivate Premium
Team Lead - Digital Analytics & Growth,"ACE Money Transfer · Rawalpindi, Punjab, Pakistan  
1 day ago","On-site

 
Full-time",https://www.linkedin.com/jobs/view/3742531670,201-500 employees
Software Eng. Backend - PHP & Laravel (3+ years experience),"Moonlabor · Rawalpindi, Punjab, Pakistan  
1 day ago

 · 27 applicants","Hybrid

 
Full-time",https://www.linkedin.com/jobs/view/3743954432,11-50 employees
Full Stack Engineer,"NetRoots Technologies LLC · Lahore, Punjab, Pakistan  
2 days ago

 · 67 applicants","On-site

 
Full-time",https://www.linkedin.com/jobs/view/3742526709,11-50 employees
Senior MERN Stack Developer with TypeScript Expertise,"aBizSol · Lahore, Punjab, Pakistan  
1 day ago

 · 55 applicants","On-site

 
Full-time",https://www.linkedin.com/jobs/view/3743996448,11-50 employees
Software Engineer II,"TCP Software · Lahore, Punjab, Pakistan  
1 day ago

 · 61 applicants","On-site

 
Full-time

 
Mid-Senior level",https://www.linkedin.com/jobs/view/3742596197,"501-1,000 employees · Software Development"
Telemarketing Agent,"Benchmark BPO (Pvt) Ltd · Islamabad, Islāmābād, Pakistan  
1 day ago

 · 5 applicants","On-site

 
Full-time",https://www.linkedin.com/jobs/view/3742837161,51-200 employees
Senior Software Engineer,"TenX  · Punjab, Pakistan  
2 days ago

 · 39 applicants","Hybrid

 
Full-time

 
Mid-Senior level",https://www.linkedin.com/jobs/view/3742526537,201-500 employees · IT Services and IT Consulting
Unity3d Developer with Design Expertise,"8Great Games LLC · Pakistan  
1 day ago","Remote

 
Full-time",https://www.linkedin.com/jobs/view/3742565940,1-10 employees
Immigration Consultant,"ADEN & CO SOLICITORS LTD · Lahore, Punjab, Pakistan  
1 day ago

 · 69 applicants","On-site

 
Full-time",https://www.linkedin.com/jobs/view/3742573803,Amir Masood is hiring for this job
Social Media Marketing Specialist,"DMoose · Faisalabad, Punjab, Pakistan  
1 day ago

 · 47 applicants","On-site

 
Full-time",https://www.linkedin.com/jobs/view/3744441229,11-50 employees
Sales Intern,"XEOSOL · Lahore, Punjab, Pakistan  
2 days ago","On-site

 
Internship",https://www.linkedin.com/jobs/view/3742518229,11-50 employees
Business Distribution Manager,"Lifestyle Snacks/ Eurobake · Lahore, Punjab, Pakistan  
1 day ago

 · 120 applicants","On-site

 
Full-time",https://www.linkedin.com/jobs/view/3659223789,"Omar Naeem, CFA is hiring for this job"
Assistant Sales Manager,"Tuition Highway · Karāchi, Sindh, Pakistan  
1 day ago

 · 36 applicants","On-site

 
Full-time",https://www.linkedin.com/jobs/view/3742819562,51-200 employees
Upwork business development manager,"Cmc mtech · Lahore, Punjab, Pakistan  
2 days ago

 · 30 applicants","On-site

 
Full-time",https://www.linkedin.com/jobs/view/3738164667,See how you compare to 30 applicants. Reactivate Premium
Customer Services Trainer,"SIAR Digital · Karāchi, Sindh, Pakistan  
2 days ago","On-site

 
Full-time",https://www.linkedin.com/jobs/view/3738168876,51-200 employees
Sales Executive,"Masoomia Estate and Builders · Karachi Division, Sindh, Pakistan  
1 day ago","On-site

 
Full-time",https://www.linkedin.com/jobs/view/3740015433,11-50 employees
Data Entry Clerk Admin (Remote) Work From Home,"OIG - OmnInGenius · South Asia  
2 days ago

 · 542 applicants","Remote

 
Full-time

 
Entry level",https://www.linkedin.com/jobs/view/3742398215,1-10 employees · Telecommunications
Dotnet Developer,"Confidential · Islamabad, Islāmābād, Pakistan  
2 days ago","On-site

 
Full-time",https://www.linkedin.com/jobs/view/3742515991,"10,001+ employees"
CS/Sales Executive (Arabic Speaker),"eZhire · Karāchi, Sindh, Pakistan  
1 day ago","On-site

 
Full-time",https://www.linkedin.com/jobs/view/3742560426,51-200 employees
3D Visualizer,"Render's Inc. · Lahore, Punjab, Pakistan  
2 days ago

 · 36 applicants","On-site

 
Full-time",https://www.linkedin.com/jobs/view/3742538262,1-10 employees
Game Developer,"Grand Gangsta City · Karachi Division, Sindh, Pakistan  
2 days ago

 · 32 applicants","On-site

 
Full-time",https://www.linkedin.com/jobs/view/3742548213,11-50 employees
Content Video Editor For Digital Marketing,"Jome Journey pte ltd · Lahore, Punjab, Pakistan  
1 day ago

 · 253 applicants","Remote

 
Full-time",https://www.linkedin.com/jobs/view/3739441915,See how you compare to 253 applicants. Reactivate Premium
Junior Software Engineer,"GfK - An NIQ Company · Karachi Division, Sindh, Pakistan Reposted  
20 hours ago

 · 269 applicants","On-site

 
Full-time

 
Entry level",https://www.linkedin.com/jobs/view/3733732729,"5,001-10,000 employees · IT Services and IT Consulting"
Customer Success Manager - Commercial,"Motive · Pakistan Reposted  
1 day ago

 · 356 applicants","Remote

 
Full-time

 
Mid-Senior level",https://www.linkedin.com/jobs/view/3744139719,"1,001-5,000 employees · Software Development"
Business Intelligence and Data Visualization,"ibex. Pakistan · Karāchi, Sindh, Pakistan  
1 day ago

 · 218 applicants","On-site

 
Full-time

 
Mid-Senior level",https://www.linkedin.com/jobs/view/3743957990,"10,001+ employees · Outsourcing and Offshoring Consulting"
Senior Frontend ReactJS Engineer (5+ years of exp),"Moonlabor · Rawalpindi, Punjab, Pakistan  
1 day ago

 · 53 applicants","Hybrid

 
Full-time",https://www.linkedin.com/jobs/view/3743959890,11-50 employees
Senior Dotnet Developer,"ACE Money Transfer · Lahore, Punjab, Pakistan  
1 day ago","On-site

 
Full-time",https://www.linkedin.com/jobs/view/3743960358,201-500 employees
Senior Unity Developer with a Focus on Casual Puzzle Games.,"8Great Games LLC · Pakistan  
2 days ago

 · 59 applicants","Remote

 
Full-time",https://www.linkedin.com/jobs/view/3742072646,1-10 employees
Computer Vision Engineer,"Motive · Pakistan Reposted  
2 days ago

 · 1,473 applicants","Remote

 
Full-time

 
Associate",https://www.linkedin.com/jobs/view/3574287743,"1,001-5,000 employees · Software Development"
Senior Dotnet Developer,"Innovative Saudia · Lahore, Punjab, Pakistan  
1 day ago

 · 12 applicants","On-site

 
Full-time",https://www.linkedin.com/jobs/view/3743975174,51-200 employees
Assistant RCM Executive,"CureMD · Lahore, Punjab, Pakistan Reposted  
1 day ago

 · 3,465 applicants","Full-time

 
Executive",https://www.linkedin.com/jobs/view/3316876053,"1,001-5,000 employees · Software Development"
Senior Manager Data & Analytics Activations,"BAT · Lahore, Punjab, Pakistan Reposted  
2 days ago

 · 197 applicants","Full-time

 
Mid-Senior level",https://www.linkedin.com/jobs/view/3729406527,"10,001+ employees · Tobacco Manufacturing"
Account Executive - UK,"Zones IT Solutions · Islamabad, Islāmābād, Pakistan Reposted  
2 days ago

 · 2,046 applicants","On-site

 
Full-time",https://www.linkedin.com/jobs/view/3654994331,"501-1,000 employees · IT Services and IT Consulting"
"Senior Analyst, Operations","foodpanda · Karāchi, Sindh, Pakistan Reposted  
1 day ago

 · 1,015 applicants","On-site

 
Full-time

 
Mid-Senior level",https://www.linkedin.com/jobs/view/3676479811,"5,001-10,000 employees · Internet Marketplace Platforms"
Junior laravel Developer,"Mojo Solutions & Services MSS LLC · Pakistan  
1 day ago

 · 319 applicants","Remote

 
Full-time

 
Associate",https://www.linkedin.com/jobs/view/3743958118,1-10 employees · IT Services and IT Consulting
Human Resources Officer,"UNHCR, the UN Refugee Agency · Islamabad, Islāmābād, Pakistan  
1 day ago

 · 247 applicants","Full-time

 
Entry level",https://www.linkedin.com/jobs/view/3739489704,"10,001+ employees · International Affairs"
Manager Finance,"Karandaaz Pakistan · Islāmābād, Pakistan  
1 day ago

 · 330 applicants","On-site

 
Full-time

 
Mid-Senior level",https://www.linkedin.com/jobs/view/3743959612,11-50 employees · Financial Services
Business Application Manager,"Amreli Steels Limited · Karachi Division, Sindh, Pakistan  
2 days ago

 · 100 applicants","On-site

 
Full-time

 
Mid-Senior level",https://www.linkedin.com/jobs/view/3743532479,"1,001-5,000 employees · Wholesale Building Materials"
Principal Data Engineer,"Teradata · Islamabad, Islāmābād, Pakistan  
2 days ago

 · 39 applicants","Hybrid

 
Full-time

 
Mid-Senior level",https://www.linkedin.com/jobs/view/3742500429,"10,001+ employees · Software Development"
Manager Segments Wireless,"Ufone 4G · Islamabad, Islāmābād, Pakistan  
1 day ago

 · 161 applicants","On-site

 
Full-time

 
Mid-Senior level",https://www.linkedin.com/jobs/view/3743958182,"1,001-5,000 employees · Telecommunications"
Contract: Enterprise Billing Analyst,"Upwork · Pakistan Reposted  
18 hours ago

 · 275 applicants","Remote

 
Contract

 
Associate",https://www.linkedin.com/jobs/view/3744136246,"501-1,000 employees · Technology, Information and Internet"
Merchandiser,"Orient Apparel · Lahore, Punjab, Pakistan  
1 day ago

 · 44 applicants","On-site

 
Full-time",https://www.linkedin.com/jobs/view/3743210886,201-500 employees
Head of E-Commerce,"Reckitt · Karāchi, Sindh, Pakistan  
2 days ago

 · 187 applicants","Hybrid

 
Full-time

 
Director",https://www.linkedin.com/jobs/view/3743906127,"10,001+ employees · Manufacturing"
Sales Operations Executive,"Jazz · Karāchi, Sindh, Pakistan  
2 days ago

 · 221 applicants","On-site

 
Full-time

 
Entry level",https://www.linkedin.com/jobs/view/3742519155,"1,001-5,000 employees · Telecommunications"
UX Researcher - Quantitative,"Daraz · Karāchi, Sindh, Pakistan  
2 days ago

 · 86 applicants","On-site

 
Full-time

 
Mid-Senior level",https://www.linkedin.com/jobs/view/3742521005,"1,001-5,000 employees · Software Development"
Content Writer - Intern,"Gaditek · Karāchi, Sindh, Pakistan  
2 days ago

 · 134 applicants","On-site

 
Full-time

 
Internship",https://www.linkedin.com/jobs/view/3742516577,"501-1,000 employees · IT Services and IT Consulting"
Junior/Assistant Manager Sales,"Oxford University Press · Mandi Bahauddin District, Punjab, Pakistan  
1 day ago

 · 23 applicants","On-site

 
Full-time

 
Mid-Senior level",https://www.linkedin.com/jobs/view/3744502774,"5,001-10,000 employees · Book and Periodical Publishing"
Human Resources Trainee,"DaoDe Search · Islamabad, Islāmābād, Pakistan  
1 day ago

 · 333 applicants","Remote

 
Full-time",https://www.linkedin.com/jobs/view/3739939515,11-50 employees
Sr. DevOps Engineer - Azure,"Remotebase · Pakistan  
2 days ago

 · 81 applicants","Remote

 
Full-time

 
Mid-Senior level",https://www.linkedin.com/jobs/view/3743666519,51-200 employees · IT Services and IT Consulting
Frontline Portfolio Manager - PAR,"The Coca-Cola Company · Lahore, Punjab, Pakistan  
2 days ago

 · 164 applicants","Hybrid

 
Full-time

 
Mid-Senior level",https://www.linkedin.com/jobs/view/3742522861,"10,001+ employees · Food and Beverage Services"
Manager RPA,"CureMD · Lahore, Punjab, Pakistan Reposted  
1 day ago

 · 64 applicants","Full-time

 
Mid-Senior level",https://www.linkedin.com/jobs/view/3727592756,"1,001-5,000 employees · Software Development"
Site Reliability Engineer,"Ezra AI · Islamabad, Islāmābād, Pakistan  
1 day ago

 · 28 applicants","On-site

 
Full-time",https://www.linkedin.com/jobs/view/3739471025,201-500 employees
Manager Product Innovation,"Rafhan Maize Products Co. Ltd. · Faisalabad, Punjab, Pakistan Reposted  
2 days ago

 · 340 applicants","Hybrid

 
Full-time

 
Mid-Senior level",https://www.linkedin.com/jobs/view/3709995454,"1,001-5,000 employees · Food and Beverage Manufacturing"
Sr Associate Technical Client Support,"S&P Global · Islamabad, Islāmābād, Pakistan Reposted  
2 days ago

 · 190 applicants","On-site

 
Full-time",https://www.linkedin.com/jobs/view/3729164639,"10,001+ employees · Financial Services"
Marketing Expert,"F1 IT Solution · Lahore, Punjab, Pakistan  
1 day ago

 · 13 applicants","On-site

 
Full-time",https://www.linkedin.com/jobs/view/3740211114,11-50 employees
Instock and Demand Manager,"Daraz · Karāchi, Sindh, Pakistan  
2 days ago

 · 111 applicants","On-site

 
Full-time

 
Executive",https://www.linkedin.com/jobs/view/3742528730,"1,001-5,000 employees · Software Development"
Data Activation & Delivery Manager,"BAT · Lahore, Punjab, Pakistan Reposted  
2 days ago

 · 104 applicants","Full-time

 
Mid-Senior level",https://www.linkedin.com/jobs/view/3729410018,"10,001+ employees · Tobacco Manufacturing"
Account Manager - US,"Zones IT Solutions · Islamabad, Islāmābād, Pakistan Reposted  
2 days ago

 · 1,365 applicants","On-site

 
Full-time",https://www.linkedin.com/jobs/view/3694896457,"501-1,000 employees · IT Services and IT Consulting"
Lead - Performance,"foodpanda · Lahore, Punjab, Pakistan Reposted  
1 day ago

 · 471 applicants","On-site

 
Full-time

 
Mid-Senior level",https://www.linkedin.com/jobs/view/3710631172,"5,001-10,000 employees · Internet Marketplace Platforms"
SM Industrial Relations,"PTCL.Official · Karāchi, Sindh, Pakistan  
1 day ago

 · 135 applicants","On-site

 
Full-time

 
Mid-Senior level",https://www.linkedin.com/jobs/view/3743927346,"10,001+ employees · Telecommunications"
Management Trainee for Marketing,"Medzntech (Private) limited · Karāchi, Sindh, Pakistan  
1 day ago

 · 17 applicants","On-site

 
Full-time",https://www.linkedin.com/jobs/view/3742830270,See how you compare to 17 applicants. Reactivate Premium
Specialist Fix Network NOC,"Jazz · Lahore, Punjab, Pakistan  
2 days ago

 · 88 applicants","On-site

 
Full-time

 
Entry level",https://www.linkedin.com/jobs/view/3742522496,"1,001-5,000 employees · Telecommunications"
Internal Audit Manager,"Telenor Microfinance Bank Limited · Islamabad, Islāmābād, Pakistan  
2 days ago

 · 283 applicants","On-site

 
Full-time

 
Mid-Senior level",https://www.linkedin.com/jobs/view/3742514431,"1,001-5,000 employees · Banking"
Perfect Store Communication Specialist,"National Foods Limited · Karachi Division, Sindh, Pakistan  
2 days ago

 · 360 applicants","On-site

 
Full-time

 
Associate",https://www.linkedin.com/jobs/view/3743324778,"1,001-5,000 employees · Food and Beverage Manufacturing"
Project Manager - Power Controls & Information Systems,"Procter & Gamble · Karāchi, Sindh, Pakistan Reposted  
1 day ago

 · 121 applicants",Full-time,https://www.linkedin.com/jobs/view/3743910510,"10,001+ employees · Manufacturing"
Virtual Assistant,"Truelancer.com · Pakistan  
1 day ago","Remote

 
Temporary

 
Entry level",https://www.linkedin.com/jobs/view/3743939915,201-500 employees · Staffing and Recruiting
Outbound B2B Sales Executive,"Quantumx Growth · Lahore, Punjab, Pakistan  
1 day ago

 · 13 applicants","On-site

 
Full-time",https://www.linkedin.com/jobs/view/3744101717,51-200 employees
Assistant Manager Sales,"Zameen.com · Sialkot, Punjab, Pakistan  
1 day ago

 · 16 applicants","On-site

 
Full-time

 
Entry level",https://www.linkedin.com/jobs/view/3743978274,"5,001-10,000 employees · Real Estate"
Management System Coordinator,"Ontex · Karāchi, Sindh, Pakistan  
2 days ago

 · 58 applicants","On-site

 
Full-time

 
Entry level",https://www.linkedin.com/jobs/view/3742529418,"5,001-10,000 employees · Consumer Goods"
Valuation Manager,"Savills Middle East · Karāchi, Sindh, Pakistan  
1 day ago

 · 0 applicants","Full-time

 
Mid-Senior level",https://www.linkedin.com/jobs/view/3742890129,201-500 employees · Real Estate
Country AML Head,"Citi · Karāchi, Sindh, Pakistan  
1 day ago

 · 127 applicants","Hybrid

 
Full-time",https://www.linkedin.com/jobs/view/3742893020,"10,001+ employees · Financial Services"
Associate Integrity Officer,"UNHCR, the UN Refugee Agency · Quetta, Baluchistan, Pakistan  
1 day ago

 · 88 applicants","Remote

 
Full-time

 
Entry level",https://www.linkedin.com/jobs/view/3739493135,"10,001+ employees · International Affairs"
AM - Recruitment,"Breaktime Corner Market - BTCM · Karāchi, Sindh, Pakistan  
1 day ago

 · 23 applicants","On-site

 
Full-time",https://www.linkedin.com/jobs/view/3739485509,"501-1,000 employees"
Production Support Officer,"GSK · Karāchi, Sindh, Pakistan  
1 day ago

 · 167 applicants","On-site

 
Full-time",https://www.linkedin.com/jobs/view/3742579672,"10,001+ employees · Pharmaceutical Manufacturing"
Social Media Executive,"Ogilvy Pakistan · Islamabad, Islāmābād, Pakistan  
2 days ago

 · 218 applicants","On-site

 
Full-time

 
Entry level",https://www.linkedin.com/jobs/view/3743679204,201-500 employees · Advertising Services
Senior Manager (Analytics & Insights),"NielsenIQ · Lahore, Punjab, Pakistan Reposted  
2 days ago

 · 341 applicants","Remote

 
Full-time

 
Mid-Senior level",https://www.linkedin.com/jobs/view/3728773666,"10,001+ employees · Information Services"
Research Writer's Team Lead,"BY IT Solutions (Pvt) Ltd. · Lahore, Punjab, Pakistan  
1 day ago

 · 38 applicants","On-site

 
Full-time",https://www.linkedin.com/jobs/view/3742816625,11-50 employees
"Associate Director, Commercial Data","S&P Global · Islamabad, Islāmābād, Pakistan Reposted  
2 days ago

 · 123 applicants","On-site

 
Full-time",https://www.linkedin.com/jobs/view/3713604332,"10,001+ employees · Financial Services"
"Business Development Executive (REMOTE) up to A$2,500/month","Bettersource ® · Pakistan Reposted  
1 day ago

 · 1,760 applicants","Remote

 
Full-time

 
Associate",https://www.linkedin.com/jobs/view/3733019363,51-200 employees · Human Resources Services
Product Operations,"Educative, Inc. · Lahore, Punjab, Pakistan  
1 day ago

 · 12 applicants",Full-time,https://www.linkedin.com/jobs/view/3739491324,201-500 employees · E-Learning Providers
"Manager, Data Strategy and Governance, FAAS, Rapid Innovations, Karachi","EY · Lahore, Punjab, Pakistan Reposted  
1 day ago

 · 64 applicants","Hybrid

 
Full-time

 
Mid-Senior level",https://www.linkedin.com/jobs/view/3729490220,"10,001+ employees · Professional Services"
Trade Marketing Assistant Executive,"BAT · Lahore, Punjab, Pakistan Reposted  
2 days ago

 · 705 applicants","Full-time

 
Entry level",https://www.linkedin.com/jobs/view/3711976186,"10,001+ employees · Tobacco Manufacturing"
Azure Full Stack Developer,"Zones IT Solutions · Islamabad, Islāmābād, Pakistan Reposted  
2 days ago

 · 526 applicants","On-site

 
Full-time",https://www.linkedin.com/jobs/view/3466372963,"501-1,000 employees · IT Services and IT Consulting"
Lead Big Data Engineer,"Daraz · Karachi Division, Sindh, Pakistan  
2 days ago

 · 25 applicants","On-site

 
Full-time

 
Mid-Senior level",https://www.linkedin.com/jobs/view/3742519288,"1,001-5,000 employees · Software Development"
Senior Sales Executive - Trade,"Rafhan Maize Products Co. Ltd. · Lahore, Punjab, Pakistan Reposted  
2 days ago

 · 2,920 applicants","Hybrid

 
Full-time

 
Mid-Senior level",https://www.linkedin.com/jobs/view/3557820075,"1,001-5,000 employees · Food and Beverage Manufacturing"
Senior Associate HRBP,"CureMD · Lahore, Punjab, Pakistan Reposted  
1 day ago

 · 57 applicants","Full-time

 
Mid-Senior level",https://www.linkedin.com/jobs/view/3742819527,"1,001-5,000 employees · Software Development"
Specialist Finance,"foodpanda · Karachi Division, Sindh, Pakistan  
1 day ago

 · 160 applicants","Hybrid

 
Full-time

 
Entry level",https://www.linkedin.com/jobs/view/3742582839,"5,001-10,000 employees · Internet Marketplace Platforms"
Creative Associate,"Abacus Outsourcing · Lahore, Punjab, Pakistan Reposted  
1 day ago

 · 170 applicants","On-site

 
Full-time

 
Associate",https://www.linkedin.com/jobs/view/3738166736,"1,001-5,000 employees · Outsourcing and Offshoring Consulting"
Senior Supply Officer,"UNHCR, the UN Refugee Agency · Islamabad, Islāmābād, Pakistan  
1 day ago

 · 258 applicants","Remote

 
Full-time

 
Mid-Senior level",https://www.linkedin.com/jobs/view/3739494233,"10,001+ employees · International Affairs"
Instructional Designer,"Lahore University of Management Sciences · Lahore District, Punjab, Pakistan  
2 days ago

 · 37 applicants","On-site

 
Full-time",https://www.linkedin.com/jobs/view/3742545745,"1,001-5,000 employees · Higher Education"
Documentation Officer,"Zameen.com · Lahore, Punjab, Pakistan  
2 days ago

 · 143 applicants","On-site

 
Full-time

 
Associate",https://www.linkedin.com/jobs/view/3742518072,"5,001-10,000 employees · Real Estate"
Dispatcher,"Mem dispatc services · Lahore, Punjab, Pakistan  
1 day ago

 · 5 applicants","On-site

 
Full-time",https://www.linkedin.com/jobs/view/3743220581,Mian Raza is hiring for this job
Health Safety Environment Engineer,"Dalda Foods Limited · Lahore, Punjab, Pakistan  
2 days ago

 · 392 applicants","On-site

 
Full-time

 
Mid-Senior level",https://www.linkedin.com/jobs/view/3743666479,201-500 employees · Food and Beverage Manufacturing
Network Specialist,"FiberHome · Islamabad, Islāmābād, Pakistan  
1 day ago

 · 26 applicants",Full-time,https://www.linkedin.com/jobs/view/3739480649,"10,001+ employees"
Maintenance & Reliability Manager,"PepsiCo · Punjab, Pakistan  
1 day ago

 · 189 applicants","On-site

 
Full-time

 
Mid-Senior level",https://www.linkedin.com/jobs/view/3743999275,"10,001+ employees · Food and Beverage Services"
Video Editor,"Truelancer.com · Pakistan  
1 day ago","Remote

 
Full-time

 
Entry level",https://www.linkedin.com/jobs/view/3743938765,201-500 employees · Staffing and Recruiting
Associate Art Director,"Ogilvy Pakistan · Karachi Division, Sindh, Pakistan  
2 days ago

 · 126 applicants","On-site

 
Full-time

 
Associate",https://www.linkedin.com/jobs/view/3743678778,201-500 employees · Advertising Services
Creative Media Executive,"CureMD · Lahore, Punjab, Pakistan  
2 days ago

 · 72 applicants","Full-time

 
Mid-Senior level",https://www.linkedin.com/jobs/view/3742543204,"1,001-5,000 employees · Software Development"
Sales Consultant (Project Sales),"Zameen.com · Lahore, Punjab, Pakistan  
1 day ago

 · 24 applicants","On-site

 
Full-time

 
Mid-Senior level",https://www.linkedin.com/jobs/view/3743978309,"5,001-10,000 employees · Real Estate"
Customer Service Rep,"Coco Curls · Islamabad, Islāmābād, Pakistan  
1 day ago

 · 59 applicants",On-site,https://www.linkedin.com/jobs/view/3743997481,1-10 employees · Personal Care Product Manufacturing
Team Lead SOC - Level 3,"Zones IT Solutions · Islamabad, Islāmābād, Pakistan Reposted  
2 days ago

 · 316 applicants","On-site

 
Full-time",https://www.linkedin.com/jobs/view/3654366685,"501-1,000 employees · IT Services and IT Consulting"
Senior Android Developer,"Supercoder · Pakistan  
2 days ago

 · 336 applicants","Remote

 
Full-time

 
Mid-Senior level",https://www.linkedin.com/jobs/view/3743330015,11-50 employees · IT Services and IT Consulting
"Manager, Data Architect, FAAS, Rapid Innovations, Karachi","EY · Lahore, Punjab, Pakistan Reposted  
1 day ago

 · 42 applicants","Hybrid

 
Full-time

 
Mid-Senior level",https://www.linkedin.com/jobs/view/3729490192,"10,001+ employees · Professional Services"
Javascript (React/Node) Software Developer (Pakistan),"WebFX · Pakistan Reposted  
1 day ago

 · 2,177 applicants","Remote

 
Full-time

 
Entry level",https://www.linkedin.com/jobs/view/3674712634,201-500 employees · Advertising Services
Fundraising Intern,"NIZAMI ORGANIZATION · Lahore, Punjab, Pakistan  
2 days ago

 · 13 applicants","On-site

 
Internship",https://www.linkedin.com/jobs/view/3742533086,11-50 employees
Sales Intern,"Vyro · Islamabad, Islāmābād, Pakistan  
1 day ago

 · 18 applicants","On-site

 
Internship

 
Internship",https://www.linkedin.com/jobs/view/3742551560,51-200 employees · Software Development
Senior Java Developer,"CureMD · Lahore, Punjab, Pakistan Reposted  
1 day ago

 · 271 applicants","Full-time

 
Mid-Senior level",https://www.linkedin.com/jobs/view/3652610024,"1,001-5,000 employees · Software Development"
Head of Design,"Ogilvy Pakistan · Lahore, Punjab, Pakistan  
2 days ago

 · 127 applicants","On-site

 
Full-time

 
Mid-Senior level",https://www.linkedin.com/jobs/view/3743913168,201-500 employees · Advertising Services
Repair Technician,"NCR Voyix · Lahore, Punjab, Pakistan Reposted  
2 days ago

 · 44 applicants","On-site

 
Full-time

 
Entry level",https://www.linkedin.com/jobs/view/3742412136,"10,001+ employees · Technology, Information and Internet"
"Manager, Clinical Trials Unit","Aga Khan University · Karāchi, Sindh, Pakistan  
2 days ago

 · 67 applicants","On-site

 
Full-time

 
Mid-Senior level",https://www.linkedin.com/jobs/view/3742513783,"10,001+ employees · Higher Education"
Senior Manager Client Support/Success,"Medcare MSO Global · Lahore, Punjab, Pakistan  
2 days ago

 · 142 applicants","On-site

 
Full-time

 
Mid-Senior level",https://www.linkedin.com/jobs/view/3743682600,"501-1,000 employees · Hospitals and Health Care"
Google Ads Expert,"Digital Destiny Pvt Ltd Lahore. · Lahore, Punjab, Pakistan  
1 day ago

 · 11 applicants","On-site

 
Full-time",https://www.linkedin.com/jobs/view/3742823744,201-500 employees
"Technical Support Engineer, Skyvera (Remote) - $30,000/year USD","Crossover  · Lahore, Punjab, Pakistan Reposted  
1 day ago

 · 56 applicants","Remote

 
Full-time

 
Entry level",https://www.linkedin.com/jobs/view/3741837514,"5,001-10,000 employees · IT Services and IT Consulting"
Sales pool (Fresh graduates),"Zameen.com · Lahore, Punjab, Pakistan  
1 day ago

 · 38 applicants","On-site

 
Full-time

 
Executive",https://www.linkedin.com/jobs/view/3743970872,"5,001-10,000 employees · Real Estate"
Senior Development Officer,"UNHCR, the UN Refugee Agency · Islamabad, Islāmābād, Pakistan  
1 day ago

 · 181 applicants","Full-time

 
Mid-Senior level",https://www.linkedin.com/jobs/view/3739494080,"10,001+ employees · International Affairs"
Linehaul Lead - Lahore,"Daraz · Lahore, Punjab, Pakistan  
2 days ago

 · 73 applicants","On-site

 
Full-time

 
Mid-Senior level",https://www.linkedin.com/jobs/view/3742521876,"1,001-5,000 employees · Software Development"
"Contact Centre Rep (REMOTE) up to A$ 2,000/month","Bettersource ® · Pakistan Reposted  
1 day ago

 · 1,855 applicants","Remote

 
Full-time

 
Associate",https://www.linkedin.com/jobs/view/3733022066,51-200 employees · Human Resources Services
Sales Executive,"Serene Enterprises · Lahore, Punjab, Pakistan  
1 day ago

 · 7 applicants","On-site

 
Full-time",https://www.linkedin.com/jobs/view/3742589273,Muhammad Ahsan is hiring for this job
"Senior Sales Engineer (Automation & Cybersecurity) - Karachi, Pakistan","Siemens · Karāchi, Sindh, Pakistan  
1 day ago

 · 16 applicants","On-site

 
Full-time

 
Mid-Senior level",https://www.linkedin.com/jobs/view/3739455340,"10,001+ employees · Automation Machinery Manufacturing"
Key Account Manager,"foodpanda · Faisalabad, Punjab, Pakistan  
1 day ago

 · 146 applicants","On-site

 
Full-time

 
Mid-Senior level",https://www.linkedin.com/jobs/view/3742580455,"5,001-10,000 employees · Internet Marketplace Platforms"
SAP FI/MM Consultant,"Lahore University of Management Sciences · Lahore District, Punjab, Pakistan  
1 day ago

 · 25 applicants","On-site

 
Full-time",https://www.linkedin.com/jobs/view/3742576460,"1,001-5,000 employees · Higher Education"
Financial Advisory Senior Associate-Assistant Manager (Relocation to Myanmar and Big 4 experience is essential),"Ably Digital · Karāchi, Sindh, Pakistan  
2 days ago

 · 89 applicants","On-site

 
Full-time",https://www.linkedin.com/jobs/view/3743680980,1-10 employees · Staffing and Recruiting
Deputy Manager Distribution Commercial Audit,"K-Electric · Karāchi, Sindh, Pakistan  
1 day ago

 · 67 applicants","On-site

 
Full-time

 
Mid-Senior level",https://www.linkedin.com/jobs/view/3742830954,"10,001+ employees · Oil and Gas"
Travel Consultant,"Flight380 · Karāchi, Sindh, Pakistan  
2 days ago

 · 12 applicants","On-site

 
Full-time",https://www.linkedin.com/jobs/view/3742520437,Shehroz Hussain is hiring for this job
Apex Developer,"KAUSAR PROCESSING INDUDSTIES PVT LTD · Faisalabad, Punjab, Pakistan  
2 days ago

 · 10 applicants","On-site

 
Full-time",https://www.linkedin.com/jobs/view/3742516758,AMIR JAVAID is hiring for this job
Sr. Product Manager,"Cartlow · Lahore, Punjab, Pakistan  
2 days ago

 · 91 applicants","On-site

 
Full-time",https://www.linkedin.com/jobs/view/3742512941,51-200 employees
"Inside Sales Representative, IgniteTech (Remote) - $100,000/year USD","Crossover  · Lahore, Punjab, Pakistan Reposted  
1 day ago

 · 76 applicants","Remote

 
Full-time

 
Associate",https://www.linkedin.com/jobs/view/3741831875,"5,001-10,000 employees · IT Services and IT Consulting"
Executive - HR Service Delivery,"Zameen.com · Lahore, Punjab, Pakistan  
2 days ago

 · 127 applicants","On-site

 
Full-time

 
Associate",https://www.linkedin.com/jobs/view/3742551214,"5,001-10,000 employees · Real Estate"
Repair Technician,"NCR Voyix · Karāchi, Sindh, Pakistan Reposted  
2 days ago

 · 48 applicants","On-site

 
Full-time

 
Entry level",https://www.linkedin.com/jobs/view/3742405751,"10,001+ employees · Technology, Information and Internet"
OpenShift Platform Support Engineer,"Khazana Enterprise · Lahore, Punjab, Pakistan  
2 days ago","On-site

 
Full-time",https://www.linkedin.com/jobs/view/3742508845,"1,001-5,000 employees"
"Consultant/ Senior Consultant, Audit Valuation Specialist, Rapid Innovation, Karachi","EY · Lahore, Punjab, Pakistan  
1 day ago

 · 7 applicants","On-site

 
Full-time

 
Entry level",https://www.linkedin.com/jobs/view/3739450407,"10,001+ employees · Professional Services"
Online Sales Specialist,"HBOX · Karāchi, Sindh, Pakistan  
1 day ago

 · 13 applicants","On-site

 
Full-time",https://www.linkedin.com/jobs/view/3742844103,51-200 employees
.Net Full Stack Developer,"Abacus · Lahore, Punjab, Pakistan  
1 day ago

 · 92 applicants","On-site

 
Full-time

 
Associate",https://www.linkedin.com/jobs/view/3742570926,"1,001-5,000 employees · IT Services and IT Consulting"
Sales Specialist,"Zameen.com · Lahore, Punjab, Pakistan  
1 day ago

 · 19 applicants","On-site

 
Full-time

 
Associate",https://www.linkedin.com/jobs/view/3743968800,"5,001-10,000 employees · Real Estate"
Laravel Developer,"Zactra Inc · Faisalabad, Punjab, Pakistan  
2 days ago

 · 12 applicants","On-site

 
Full-time",https://www.linkedin.com/jobs/view/3742514907,11-50 employees
Business Development Executive,"SMB Services · Karachi Division, Sindh, Pakistan  
2 days ago

 · 13 applicants","On-site

 
Full-time",https://www.linkedin.com/jobs/view/3742547863,11-50 employees
Network marketing,"MNC · Islamabad, Islāmābād, Pakistan  
1 day ago

 · 9 applicants","Remote

 
Part-time",https://www.linkedin.com/jobs/view/3743205727,Anabia Khan is hiring for this job
Sales And Marketing Specialist,"EduCare · Lahore, Punjab, Pakistan  
1 day ago

 · 21 applicants","Remote

 
Full-time",https://www.linkedin.com/jobs/view/3743227616,1-10 employees
Asset,"Power Eagles  · Lahore, Punjab, Pakistan  
1 day ago

 · 4 applicants","On-site

 
Part-time",https://www.linkedin.com/jobs/view/3742845807,Rooman ijaz is hiring for this job
Marketing Executive,"vintech.pk · Lahore, Punjab, Pakistan  
2 days ago

 · 12 applicants","On-site

 
Full-time",https://www.linkedin.com/jobs/view/3742543788,11-50 employees
SQA Automation Engineer,"TekRevol · Karāchi, Sindh, Pakistan  
1 day ago

 · 20 applicants","On-site

 
Full-time

 
Mid-Senior level",https://www.linkedin.com/jobs/view/3744161422,201-500 employees · Software Development
Postdoctoral Researcher,"Wenzhou University 温州大学 · APJ  
1 day ago

 · 124 applicants","Remote

 
Part-time

 
Associate",https://www.linkedin.com/jobs/view/3739938117,"1,001-5,000 employees · Higher Education"
Webinar Coordinator,"Market Pro · Lahore, Punjab, Pakistan  
2 days ago

 · 10 applicants","On-site

 
Full-time",https://www.linkedin.com/jobs/view/3740596329,11-50 employees
Executive IP Core NOC,"WorldCall Telecom Limited · Lahore, Punjab, Pakistan  
2 days ago

 · 13 applicants","On-site

 
Full-time",https://www.linkedin.com/jobs/view/3742534527,"1,001-5,000 employees"
Business Development Specialist,"Zameen.com · Lahore, Punjab, Pakistan  
1 day ago

 · 33 applicants","On-site

 
Full-time

 
Associate",https://www.linkedin.com/jobs/view/3743974107,"5,001-10,000 employees · Real Estate"
Full Stack Engineer,"Volmatica · Islamabad, Islāmābād, Pakistan  
1 day ago

 · 11 applicants","On-site

 
Full-time",https://www.linkedin.com/jobs/view/3742804144,11-50 employees
Customer Service Representative,"BI Communications · Islamabad, Islāmābād, Pakistan  
1 day ago

 · 11 applicants","On-site

 
Full-time",https://www.linkedin.com/jobs/view/3742544983,madiha ashraf is hiring for this job
Assistant Supervisor,"The Power Eagles company · Khyber Pakhtunkhwa, Pakistan  
1 day ago

 · 12 applicants","On-site

 
Part-time",https://www.linkedin.com/jobs/view/3742846420,Sara Asad is hiring for this job
Salesforce Developer,"OCloud Solutions · Lahore, Punjab, Pakistan  
1 day ago

 · 15 applicants","On-site

 
Full-time",https://www.linkedin.com/jobs/view/3732842474,11-50 employees
Back End Developer,"DeepChain AI&IT Technologies · Islāmābād, Pakistan  
2 days ago

 · 77 applicants","On-site

 
Full-time",https://www.linkedin.com/jobs/view/3742398782,11-50 employees
Technical Writer -IT,"ACE Money Transfer · Kharian, Punjab, Pakistan  
1 day ago","On-site

 
Full-time",https://www.linkedin.com/jobs/view/3744103064,201-500 employees
Security Engineer,"Daraz · Karāchi, Sindh, Pakistan  
2 days ago

 · 116 applicants","Hybrid

 
Full-time

 
Mid-Senior level",https://www.linkedin.com/jobs/view/3742511917,"1,001-5,000 employees · Software Development"
"Inside Sales Representative, IgniteTech (Remote) - $100,000/year USD","Crossover  · Lahore, Punjab, Pakistan Reposted  
1 day ago

 · 97 applicants","Remote

 
Full-time

 
Associate",https://www.linkedin.com/jobs/view/3741837502,"5,001-10,000 employees · IT Services and IT Consulting"
Wordpress Developer,"TKnack · Islamabad, Islāmābād, Pakistan  
1 day ago

 · 19 applicants","Hybrid

 
Full-time",https://www.linkedin.com/jobs/view/3739486519,11-50 employees
Senior Manager Project Sales,"Zameen.com · Lahore, Punjab, Pakistan  
1 day ago

 · 23 applicants","On-site

 
Full-time

 
Mid-Senior level",https://www.linkedin.com/jobs/view/3743976474,"5,001-10,000 employees · Real Estate"
RSD Officer,"UNHCR, the UN Refugee Agency · Islamabad, Islāmābād, Pakistan  
1 day ago

 · 109 applicants","Remote

 
Full-time

 
Entry level",https://www.linkedin.com/jobs/view/3739487958,"10,001+ employees · International Affairs"
Sales Development Representative,"Zameen.com · Karāchi, Sindh, Pakistan  
2 days ago

 · 28 applicants","On-site

 
Full-time

 
Associate",https://www.linkedin.com/jobs/view/3742537893,"5,001-10,000 employees · Real Estate"
AM Real Estate Sales,"Zameen.com · Lahore, Punjab, Pakistan  
1 day ago

 · 21 applicants","On-site

 
Full-time

 
Associate",https://www.linkedin.com/jobs/view/3743974672,"5,001-10,000 employees · Real Estate"
Customer Support Representative,"Ideate Growth · Lahore, Punjab, Pakistan  
1 day ago

 · 15 applicants","On-site

 
Full-time",https://www.linkedin.com/jobs/view/3743206703,11-50 employees
Account Manager,"Exness Global · Islamabad, Islāmābād, Pakistan  
1 day ago

 · 22 applicants","On-site

 
Full-time",https://www.linkedin.com/jobs/view/3743225670,1-10 employees
Developer Oracle EBS R12,"360 TECHNOLOGIES · Lahore, Punjab, Pakistan  
2 days ago","On-site

 
Full-time",https://www.linkedin.com/jobs/view/3742514703,51-200 employees
3D Artist,"Rare Sense Inc. · Islamabad, Islāmābād, Pakistan  
1 day ago","On-site

 
Full-time",https://www.linkedin.com/jobs/view/3743204125,1-10 employees
Account Executive - Finance and Tax,"Big Futur Digital · Karāchi, Sindh, Pakistan  
1 day ago

 · 19 applicants","On-site

 
Full-time",https://www.linkedin.com/jobs/view/3739476688,11-50 employees
Team Lead,"Efu life assurance · Hyderabad, Sindh, Pakistan  
2 days ago

 · 5 applicants","On-site

 
Full-time",https://www.linkedin.com/jobs/view/3742517490,Sumaira W. is hiring for this job
Developer Oracle EBS R12,"360 TECHNOLOGIES · Lahore, Punjab, Pakistan  
2 days ago","On-site

 
Full-time",https://www.linkedin.com/jobs/view/3742515632,51-200 employees
Software Sales Executive (Bidding model),"Xeverse.io · Karāchi, Sindh, Pakistan  
1 day ago

 · 8 applicants","On-site

 
Full-time",https://www.linkedin.com/jobs/view/3742827778,11-50 employees
Real Estate Specialist,"ZEIST MARKETING · Peshawar, Khyber Pakhtunkhwa, Pakistan  
1 day ago

 · 11 applicants","On-site

 
Full-time",https://www.linkedin.com/jobs/view/3742581370,51-200 employees
Customer Service Representative,"Qnix square Communications · Rawalpindi, Punjab, Pakistan  
1 day ago

 · 13 applicants","On-site

 
Full-time",https://www.linkedin.com/jobs/view/3739483668,11-50 employees
SQA Automation Analyst,"Contour Software · Karāchi, Sindh, Pakistan  
2 days ago

 · 26 applicants","Hybrid

 
Full-time

 
Entry level",https://www.linkedin.com/jobs/view/3739400228,"1,001-5,000 employees · IT Services and IT Consulting"
Office Based Virtual Cold Caller,"NSOL BPO Services · Rawalpindi, Punjab, Pakistan  
1 day ago","On-site

 
Full-time",https://www.linkedin.com/jobs/view/3743210210,201-500 employees
Senior PHP Backend develepors,"KUZ TECH SOLUTIONS PVT LTD. · Karāchi, Sindh, Pakistan  
2 days ago

 · 11 applicants","On-site

 
Full-time",https://www.linkedin.com/jobs/view/3742533093,11-50 employees
Financial Reporting Manager,"Cyient · Hyderabad, Sindh, Pakistan  
2 days ago

 · 65 applicants","Hybrid

 
Full-time

 
Mid-Senior level",https://www.linkedin.com/jobs/view/3743393527,"10,001+ employees · Engineering Services"
Customer Support/ Data Processing/Call Center/ BPO Associate,"Hazen Technologies Inc · Lahore, Punjab, Pakistan  
2 days ago

 · 24 applicants","On-site

 
Full-time

 
Entry level",https://www.linkedin.com/jobs/view/3743917174,51-200 employees · IT Services and IT Consulting
Information Technology Support Engineer,"MD Pro Technologies · Lahore, Punjab, Pakistan  
1 day ago","On-site

 
Full-time",https://www.linkedin.com/jobs/view/3739496079,11-50 employees
Customer Relationship Specialist,"NSOL BPO Services · Rawalpindi, Punjab, Pakistan  
1 day ago","On-site

 
Full-time",https://www.linkedin.com/jobs/view/3743204877,201-500 employees
"Head of Strategy, Trilogy (Remote) - $400,000/year USD","Crossover  · Lahore, Punjab, Pakistan Reposted  
1 day ago

 · 58 applicants","Remote

 
Full-time

 
Executive",https://www.linkedin.com/jobs/view/3741833834,"5,001-10,000 employees · IT Services and IT Consulting"
Affiliate Sales (Indirect),"Zameen.com · Lahore, Punjab, Pakistan  
1 day ago

 · 18 applicants","On-site

 
Full-time

 
Associate",https://www.linkedin.com/jobs/view/3743975662,"5,001-10,000 employees · Real Estate"
"Software Development Engineer, Trilogy (Remote) - $100,000/year USD","Crossover  · Lahore, Punjab, Pakistan Reposted  
1 day ago

 · 12 applicants","Remote

 
Full-time

 
Mid-Senior level",https://www.linkedin.com/jobs/view/3741834799,"5,001-10,000 employees · IT Services and IT Consulting"
Assistant Manager Sales,"Zameen.com · Lahore, Punjab, Pakistan  
1 day ago

 · 35 applicants","On-site

 
Full-time

 
Mid-Senior level",https://www.linkedin.com/jobs/view/3743975354,"5,001-10,000 employees · Real Estate"
Customer Service Representative,"Wise marketing solutions  · Lahore, Punjab, Pakistan  
2 days ago","On-site

 
Full-time",https://www.linkedin.com/jobs/view/3742516313,See how you compare to 10 applicants. Reactivate Premium
"Senior Developer, Trilogy (Remote) - $100,000/year USD","Crossover  · Lahore, Punjab, Pakistan Reposted  
1 day ago

 · 19 applicants","Remote

 
Full-time

 
Mid-Senior level",https://www.linkedin.com/jobs/view/3741833772,"5,001-10,000 employees · IT Services and IT Consulting"
Associate- Project Sales,"Zameen.com · Lahore, Punjab, Pakistan  
1 day ago

 · 13 applicants","On-site

 
Full-time

 
Associate",https://www.linkedin.com/jobs/view/3743972238,"5,001-10,000 employees · Real Estate"
"Senior Principal Software Engineer, Trilogy (Remote) - $100,000/year USD","Crossover  · Lahore, Punjab, Pakistan Reposted  
1 day ago

 · 7 applicants","Remote

 
Full-time

 
Mid-Senior level",https://www.linkedin.com/jobs/view/3741838092,"5,001-10,000 employees · IT Services and IT Consulting"
"Experienced Laravel, VueJs, NuxtJs Developer (In-House)","CodeBrisk · Sargodha, Punjab, Pakistan  
2 days ago

 · 8 applicants","On-site

 
Full-time",https://www.linkedin.com/jobs/view/3742524961,1-10 employees
Call Center Representative,"1AZ0 MARKETING PVT LTD · Karāchi, Sindh, Pakistan  
1 day ago

 · 10 applicants","On-site

 
Full-time",https://www.linkedin.com/jobs/view/3616987089,Hazel Haque is hiring for this job
"Software Development Engineer, Trilogy (Remote) - $100,000/year USD","Crossover  · Lahore, Punjab, Pakistan Reposted  
1 day ago

 · 14 applicants","Remote

 
Full-time

 
Mid-Senior level",https://www.linkedin.com/jobs/view/3741836628,"5,001-10,000 employees · IT Services and IT Consulting"
Lead Shopify Developer,"muSharp · Lahore, Punjab, Pakistan  
2 days ago

 · 13 applicants","On-site

 
Full-time",https://www.linkedin.com/jobs/view/3742547900,11-50 employees
International Sales Specialist & Lead Generation (IT Services),"Flexile Sol · Karāchi, Sindh, Pakistan  
2 days ago

 · 6 applicants","On-site

 
Full-time",https://www.linkedin.com/jobs/view/3742561538,1-10 employees
Senior Content Writer,"Digital Auxilius · Karāchi, Sindh, Pakistan  
1 day ago

 · 18 applicants","On-site

 
Full-time",https://www.linkedin.com/jobs/view/3739485748,51-200 employees
Frontend Developer,"NXT LABS · Karachi Division, Sindh, Pakistan  
2 days ago

 · 751 applicants","Remote

 
Full-time

 
Mid-Senior level",https://www.linkedin.com/jobs/view/3743917197,11-50 employees · Software Development
Service Delivery Coordinator,"Sharp Brains · Lahore, Punjab, Pakistan  
2 days ago

 · 12 applicants","On-site

 
Full-time",https://www.linkedin.com/jobs/view/3737303691,51-200 employees
Training Specialist,"ACE Money Transfer · Kharian, Punjab, Pakistan  
1 day ago","On-site

 
Full-time",https://www.linkedin.com/jobs/view/3742830049,201-500 employees
Sales Development Representative,"BitBytes · Lahore, Punjab, Pakistan  
2 days ago

 · 13 applicants","On-site

 
Full-time",https://www.linkedin.com/jobs/view/3742546120,1-10 employees
Customer Support Representative,"Grit Communication · Lahore, Punjab, Pakistan  
1 day ago

 · 31 applicants","On-site

 
Full-time",https://www.linkedin.com/jobs/view/3743216057,11-50 employees
Architect,"M/S Anzal Arcade · Karāchi, Sindh, Pakistan  
1 day ago

 · 8 applicants","On-site

 
Temporary",https://www.linkedin.com/jobs/view/3742588923,Mohammad Waqar Rana is hiring for this job
Bidder,"Bytefellas L.L.C · Clifton, Sindh, Pakistan  
1 day ago

 · 3 applicants","On-site

 
Full-time",https://www.linkedin.com/jobs/view/3743205466,Abdullah zubair is hiring for this job
"Medical Transcriptionist (for Medical Doctors, BDS, Psychology Background, Physiotherapists and Medical related fields)","Appedology Pvt. Ltd. · Karāchi, Sindh, Pakistan  
1 day ago","On-site

 
Full-time",https://www.linkedin.com/jobs/view/3743207596,201-500 employees
Professor Assistant professor Assistant Professor required in Department Mechanical and Civil Engineering Technology,"EMAAN Institute of Management & Sciences Karachi  · Karachi Division, Sindh, Pakistan  
1 day ago

 · 11 applicants","On-site

 
Full-time",https://www.linkedin.com/jobs/view/3742583636,Masood Raza is hiring for this job
Freelance English into Khmer Marketing Translator,"TransPerfect · APAC  
2 days ago

 · 41 applicants","Remote

 
Part-time

 
Associate",https://www.linkedin.com/jobs/view/3743338413,"5,001-10,000 employees · Translation and Localization"
Field Security Officer,"UNHCR, the UN Refugee Agency · Islamabad, Islāmābād, Pakistan  
1 day ago

 · 105 applicants","Remote

 
Full-time

 
Entry level",https://www.linkedin.com/jobs/view/3739492129,"10,001+ employees · International Affairs"
Business Development Manager,"Zameen.com · Lahore, Punjab, Pakistan  
1 day ago

 · 25 applicants","On-site

 
Full-time

 
Mid-Senior level",https://www.linkedin.com/jobs/view/3743976152,"5,001-10,000 employees · Real Estate"
Sales Development Representative,"Munzai Solutions · Karāchi, Sindh, Pakistan  
1 day ago

 · 13 applicants","On-site

 
Full-time",https://www.linkedin.com/jobs/view/3742816294,11-50 employees
Customer Services Executive (Outbound),"Zameen.com · Lahore, Punjab, Pakistan  
1 day ago

 · 46 applicants","On-site

 
Full-time

 
Mid-Senior level",https://www.linkedin.com/jobs/view/3743974062,"5,001-10,000 employees · Real Estate"
"Technical Team Lead, Trilogy (Remote) - $100,000/year USD","Crossover  · Rawalpindi, Punjab, Pakistan Reposted  
1 day ago

 · 18 applicants","Remote

 
Full-time

 
Mid-Senior level",https://www.linkedin.com/jobs/view/3741834800,"5,001-10,000 employees · IT Services and IT Consulting"
"Senior Software Engineer, Trilogy (Remote) - $100,000/year USD","Crossover  · Lahore, Punjab, Pakistan Reposted  
1 day ago

 · 11 applicants","Remote

 
Full-time

 
Mid-Senior level",https://www.linkedin.com/jobs/view/3741833771,"5,001-10,000 employees · IT Services and IT Consulting"
"Lead Software Engineer, Trilogy (Remote) - $100,000/year USD","Crossover  · Lahore, Punjab, Pakistan Reposted  
1 day ago

 · 9 applicants","Remote

 
Full-time

 
Mid-Senior level",https://www.linkedin.com/jobs/view/3741838087,"5,001-10,000 employees · IT Services and IT Consulting"
Assistant Manager Project Sales,"Zameen.com · Faisalabad, Punjab, Pakistan  
1 day ago

 · 64 applicants","On-site

 
Full-time

 
Associate",https://www.linkedin.com/jobs/view/3743980016,"5,001-10,000 employees · Real Estate"
Sales And Marketing Specialist,"SA SYSTEMS · Lahore, Punjab, Pakistan  
2 days ago

 · 16 applicants","On-site

 
Full-time",https://www.linkedin.com/jobs/view/3742579185,11-50 employees
"Principal Software Engineer, Trilogy (Remote) - $100,000/year USD","Crossover  · Peshawar, Khyber Pakhtunkhwa, Pakistan Reposted  
1 day ago

 · 5 applicants","Remote

 
Full-time

 
Mid-Senior level",https://www.linkedin.com/jobs/view/3741831967,"5,001-10,000 employees · IT Services and IT Consulting"
Talent Acquisition Specialist - 0105 - Karachi,"Bionic Talent · Karāchi, Sindh, Pakistan  
1 day ago

 · 184 applicants","Remote

 
Full-time

 
Entry level",https://www.linkedin.com/jobs/view/3744109234,11-50 employees · Human Resources Services
Sales Specialist,"Home World Management Ltd · Lahore, Punjab, Pakistan  
1 day ago

 · 10 applicants","On-site

 
Full-time",https://www.linkedin.com/jobs/view/3742580176,11-50 employees
Software Development Manager JAVA,"Avanza Solutions · Karāchi, Sindh, Pakistan  
2 days ago

 · 15 applicants","On-site

 
Full-time",https://www.linkedin.com/jobs/view/3742575411,201-500 employees
MERN/MEAN Full Stack Developer,"Softvira Pakistan · Karāchi, Sindh, Pakistan  
2 days ago

 · 92 applicants","On-site

 
Full-time",https://www.linkedin.com/jobs/view/3741880448,11-50 employees
Lab Instructor - Department of Life Sciences,"Lahore University of Management Sciences · Lahore, Punjab, Pakistan  
2 days ago

 · 66 applicants","On-site

 
Full-time

 
Entry level",https://www.linkedin.com/jobs/view/3739424455,"1,001-5,000 employees · Higher Education"
ERP Software Sales Representative,"Raaziq International PVT LTD · Lahore, Punjab, Pakistan  
2 days ago","On-site

 
Full-time",https://www.linkedin.com/jobs/view/3742537970,"1,001-5,000 employees"
Senior Site Reliability Engineer II - Kafka,"Careem · Islamabad, Islāmābād, Pakistan Reposted  
1 day ago

 · 35 applicants","Full-time

 
Mid-Senior level",https://www.linkedin.com/jobs/view/3736613668,"1,001-5,000 employees · IT Services and IT Consulting"
React JS Developer,"TekRevol · Karāchi, Sindh, Pakistan  
1 day ago

 · 84 applicants","On-site

 
Full-time

 
Mid-Senior level",https://www.linkedin.com/jobs/view/3744480496,201-500 employees · Software Development
Deputy Manager Finance,"Breaktime Corner Market - BTCM · Karāchi, Sindh, Pakistan  
1 day ago

 · 44 applicants","On-site

 
Full-time",https://www.linkedin.com/jobs/view/3744448275,"501-1,000 employees"
Sales Executive,"Skylite Consulting Pvt Ltd · Lahore, Punjab, Pakistan  
2 days ago

 · 8 applicants","On-site

 
Full-time",https://www.linkedin.com/jobs/view/3742567794,Hassan Abbas is hiring for this job
Truck Dispatcher,"Alfa One Logistix · Lahore, Punjab, Pakistan  
1 day ago","On-site

 
Full-time",https://www.linkedin.com/jobs/view/3743982409,11-50 employees
Part-Time Work From Home as Translator:ISAAC HT and MTPE Chinese Simplified-Thai(Thailand),"Centific · APAC  
2 days ago

 · 46 applicants","Remote

 
Part-time

 
Entry level",https://www.linkedin.com/jobs/view/3742530784,"5,001-10,000 employees · IT Services and IT Consulting"
Medical device Auditor,"SGS Pakistan · Sialkot, Punjab, Pakistan  
2 days ago

 · 9 applicants","On-site

 
Full-time",https://www.linkedin.com/jobs/view/3742504579,zahid mahmood is hiring for this job
Senior Android Developer,"Bboxx · Lahore, Punjab, Pakistan  
1 day ago

 · 74 applicants","Full-time

 
Mid-Senior level",https://www.linkedin.com/jobs/view/3739459687,"1,001-5,000 employees · Renewable Energy Semiconductor Manufacturing"
Sales Specialist,"The Digi Tech Resource Group, LLC. · Lahore, Punjab, Pakistan  
1 day ago

 · 10 applicants","On-site

 
Full-time",https://www.linkedin.com/jobs/view/3742847155,51-200 employees
Sales And Marketing Representative,"Jubilee Family Takaful · Rawalpindi, Punjab, Pakistan  
1 day ago

 · 2 applicants","On-site

 
Full-time",https://www.linkedin.com/jobs/view/3743237387,Syed Hassan Askari is hiring for this job
Business Development Specialist,"Codezbit · Lahore, Punjab, Pakistan  
1 day ago

 · 18 applicants","On-site

 
Full-time",https://www.linkedin.com/jobs/view/3744414492,11-50 employees
"Lead Technical Support Engineer, Skyvera (Remote) - $30,000/year USD","Crossover  · Islamabad, Islāmābād, Pakistan Reposted  
1 day ago

 · 33 applicants","Remote

 
Full-time

 
Entry level",https://www.linkedin.com/jobs/view/3741838001,"5,001-10,000 employees · IT Services and IT Consulting"
"Lead Software Engineer, Trilogy (Remote) - $100,000/year USD","Crossover  · Lahore, Punjab, Pakistan Reposted  
1 day ago

 · 20 applicants","Remote

 
Full-time

 
Mid-Senior level",https://www.linkedin.com/jobs/view/3741837520,"5,001-10,000 employees · IT Services and IT Consulting"
Shopify developer/designer,"BinaryBrix · Lahore, Punjab, Pakistan  
1 day ago

 · 24 applicants","On-site

 
Part-time",https://www.linkedin.com/jobs/view/3742549130,11-50 employees
"Lead Technical Support Engineer, Skyvera (Remote) - $30,000/year USD","Crossover  · Lahore, Punjab, Pakistan Reposted  
1 day ago

 · 30 applicants","Remote

 
Full-time

 
Entry level",https://www.linkedin.com/jobs/view/3741836558,"5,001-10,000 employees · IT Services and IT Consulting"
"Senior Software Engineer, Trilogy (Remote) - $100,000/year USD","Crossover  · Rawalpindi, Punjab, Pakistan Reposted  
1 day ago

 · 15 applicants","Remote

 
Full-time

 
Mid-Senior level",https://www.linkedin.com/jobs/view/3741837519,"5,001-10,000 employees · IT Services and IT Consulting"
"Senior Software Engineer, Trilogy (Remote) - $100,000/year USD","Crossover  · Islamabad, Islāmābād, Pakistan Reposted  
1 day ago

 · 17 applicants","Remote

 
Full-time

 
Mid-Senior level",https://www.linkedin.com/jobs/view/3741838033,"5,001-10,000 employees · IT Services and IT Consulting"
"Lead Software Engineer, Trilogy (Remote) - $100,000/year USD","Crossover  · Peshawar, Khyber Pakhtunkhwa, Pakistan Reposted  
1 day ago

 · 7 applicants","Remote

 
Full-time

 
Mid-Senior level",https://www.linkedin.com/jobs/view/3741836629,"5,001-10,000 employees · IT Services and IT Consulting"
Call Monitoring Agent (Humanatic),"Business Sage · Rawalpindi, Punjab, Pakistan  
1 day ago

 · 4 applicants","On-site

 
Full-time",https://www.linkedin.com/jobs/view/3722883738,1-10 employees
Accounts Payable Supervisor,"dinCloud Pakistan, An ATSG Company · Islamabad, Islāmābād, Pakistan  
2 days ago

 · 103 applicants","Remote

 
Full-time

 
Mid-Senior level",https://www.linkedin.com/jobs/view/3742399107,"201-500 employees · Technology, Information and Internet"
Sales Manager (mid Level),"The Digi Tech Resource Group, LLC. · Lahore, Punjab, Pakistan  
1 day ago

 · 11 applicants","On-site

 
Full-time",https://www.linkedin.com/jobs/view/3742860132,51-200 employees
Senior Business Developer - Web/App Design and Development (Upwork),"Native Brains · Karāchi, Sindh, Pakistan  
2 days ago

 · 10 applicants","On-site

 
Full-time",https://www.linkedin.com/jobs/view/3742558750,11-50 employees
International Sales Specialist,"The Digi Tech Resource Group, LLC. · Lahore, Punjab, Pakistan  
1 day ago

 · 9 applicants","On-site

 
Full-time",https://www.linkedin.com/jobs/view/3742830980,51-200 employees
Guest Relations Manager,"Serena Hotels Asia · Islamabad, Islāmābād, Pakistan  
2 days ago

 · 303 applicants","On-site

 
Full-time",https://www.linkedin.com/jobs/view/3742510412,"1,001-5,000 employees"
Lead Java Developer,"Smart Star Software Services · Karāchi, Sindh, Pakistan  
1 day ago

 · 10 applicants","On-site

 
Full-time",https://www.linkedin.com/jobs/view/3743237382,11-50 employees
Sales Executive,"Experts Communication · Karāchi, Sindh, Pakistan  
1 day ago

 · 6 applicants","On-site

 
Full-time",https://www.linkedin.com/jobs/view/3743999439,201-500 employees
Customer Sales Representative,"Abruzy Logistics · Rawalpindi, Punjab, Pakistan  
1 day ago

 · 7 applicants","On-site

 
Full-time",https://www.linkedin.com/jobs/view/3739499066,Saim khan is hiring for this job
Networking Specialist,"Management Innovation Corp · Lahore, Punjab, Pakistan  
1 day ago","On-site

 
Full-time",https://www.linkedin.com/jobs/view/3739477608,51-200 employees
International Sales Representative,"Nester Tech · Karāchi, Sindh, Pakistan  
1 day ago

 · 10 applicants","On-site

 
Full-time",https://www.linkedin.com/jobs/view/3743214419,11-50 employees
Laravel+Vue.js  Developer,"iPlex · Rawalpindi, Punjab, Pakistan  
2 days ago","On-site

 
Full-time",https://www.linkedin.com/jobs/view/3742553262,51-200 employees
Human Resources Manager,"Shopix · Faisalabad, Punjab, Pakistan  
1 day ago

 · 27 applicants","On-site

 
Full-time",https://www.linkedin.com/jobs/view/3743214328,11-50 employees
AM GSO,"K-Electric · Karāchi, Sindh, Pakistan  
2 days ago

 · 144 applicants","On-site

 
Full-time",https://www.linkedin.com/jobs/view/3743903680,"10,001+ employees · Oil and Gas"
Animator,"Global Social Co · Rawalpindi, Punjab, Pakistan  
1 day ago

 · 6 applicants","On-site

 
Full-time",https://www.linkedin.com/jobs/view/3743233080,51-200 employees
English Teacher,"Darul Madina · Karāchi, Sindh, Pakistan  
1 day ago

 · 14 applicants","On-site

 
Full-time",https://www.linkedin.com/jobs/view/3742577755,Laiq Ahmed is hiring for this job
Gyne Doctor & LHV required for clinic at Shakardara (KPK) for long time,"Head of HHC · Kohāt, Khyber Pakhtunkhwa, Pakistan  
2 days ago

 · 2 applicants","On-site

 
Full-time",https://www.linkedin.com/jobs/view/3483732631,Javed Hayat is hiring for this job
Assistant Manager Regulatory Affairs,"Frontier Dextrose Limited (FDL)/ Curatech Pharma  · Lahore, Punjab, Pakistan  
2 days ago

 · 12 applicants","On-site

 
Full-time",https://www.linkedin.com/jobs/view/3742504012,Nabeel Hassan Gilani is hiring for this job
Node.js Developer,"Booqsly · Rawalpindi, Punjab, Pakistan  
1 day ago

 · 10 applicants","On-site

 
Full-time",https://www.linkedin.com/jobs/view/3743237236,Dilshad Khan is hiring for this job
Senior Frontend Developer,"EventMobi · Pakistan  
1 day ago

 · 279 applicants","Remote

 
Full-time",https://www.linkedin.com/jobs/view/3739916380,51-200 employees
3D Motion Designer,"Team Virtual · Lahore, Punjab, Pakistan  
2 days ago

 · 38 applicants","Remote

 
Part-time

 
Entry level",https://www.linkedin.com/jobs/view/3743665145,1-10 employees · Human Resources Services
Layout Designer,"eTAZ Systems · Lahore, Punjab, Pakistan  
2 days ago","On-site

 
Full-time",https://www.linkedin.com/jobs/view/3742512305,1-10 employees
Senior Lab Instructor - Life Sciences,"Lahore University of Management Sciences · Lahore, Punjab, Pakistan  
2 days ago

 · 33 applicants","On-site

 
Full-time

 
Entry level",https://www.linkedin.com/jobs/view/3739424459,"1,001-5,000 employees · Higher Education"
"Global Head of HR (web3/blockchain/defi/crypto) (Vietnam-based, Relocation Assistance Available)","Kyber Network · APJ  
2 days ago

 · 245 applicants","Remote

 
Full-time

 
Director",https://www.linkedin.com/jobs/view/3742393410,51-200 employees · Blockchain Services
Senior Kony Engineer,"Avenga · Pakistan  
1 day ago

 · 13 applicants","Remote

 
Full-time",https://www.linkedin.com/jobs/view/3742821212,"1,001-5,000 employees"
Front Seller,"TechSurge Inc · Karachi Division, Sindh, Pakistan  
2 days ago

 · 4 applicants","On-site

 
Full-time",https://www.linkedin.com/jobs/view/3742572247,51-200 employees
